### BLOCKED COUNTRIES
https://murraylampert.com*  https://murraylampert.com/sorry  301  Country=pk,pl,id,in,bd,cn,de,fr,bw,ph,rs,ru,si,sg,ua


### NETLIFY DEV DOMAIN REDIRECTS
https://murray-lampert.netlify.com/*   https://murraylampert.com/:splat    301!
http://murray-lampert.netlify.com/*    https://murraylampert.com/:splat    301!


### PAGE & BLOG REDIRECTS
/*.php	/	301
/Design,%20Build%20&%20Remodel%20with%20confidence	/	301
/downloads/marketing/MLC_Flyer.pdf	/	301
/downloads/projects/elevations.pdf	/	301
/downloads/projects/floorplans.pdf	/	301
/downloads/projects/perspectives.pdf	/	301
/tools/formfriend.html	/	301
/tools/search.php	/	301
/tools/tellafriend.php	/	301
/uploads/perspectives.pdf	/	301
/wp-content/cache/page_enhanced/murraylampert.com/author/greggc/_index.html_gzip	/	301
/wp-content/cache/page_enhanced/murraylampert.com/tag/home-improvement/_index.html_gzip	/	301
/wp-admin*	/	301
/wp-json*	/	301
/to-pay-up-front-design-fees-or-not-to-pay/	/	301
/san-diego-home-remodeling-summer-special/	/	301
/glitter-sizzle-pop/	/	301
/san-diego-6-interview-murray-lampert/	/	301
/build-out-your-home/	/	301
/home-remodeling-in-san-diego/	/	301
/interview-on-san-diego-living/	/	301
/murray-lampert-on-my-home-improvement/	/	301
/san-diego-6-interview-on-4-11/	/	301
/san-diego-living-interview/	/	301
/home-remodeling-boot-camp/	/	301
/valuable-website-links/	/	301
/creating-a-new-look-with-room-additions/	/	301
/second-story-addition-and-deck/	/	301
/second-interview-with-san-diego-6/	/	301
/murray-lampert-interview-with-san-diego-6/	/	301
/a-holiday-tribute-to-our-clients/	/	301
/have-a-seat-and-relax/	/	301
/live-remodel-feature-by-murray-lampert-construction/	/	301
/wordpress/2010/11/10-tips-for-buying-your-first-home/	/10-tips-for-buying-your-first-home/	301
/cutting-down-on-your-energy-bills/	/12-ways-to-lower-your-energy-bill-this-winter/	301
/save-on-your-energy-cost-with-ceiling-fans/	/12-ways-to-lower-your-energy-bill-this-winter/	301
/energy-effecient-features/	/12-ways-to-lower-your-energy-bill-this-winter/	301
/15-ways-to-apply-universal-design-in-your-home-2/	/15-ways-to-apply-universal-design-in-your-home/	301
/wordpress/2013/09/15-ways-to-apply-universal-design-in-your-home/	/15-ways-to-apply-universal-design-in-your-home/	301
/2016-kitchen-cabinet-trends/	/2016-kitchen-cabinet-trends-something-for-everyone/	301
2016-kitchen-cabinets-kitchen-remodel-san-diego	/2016-kitchen-cabinet-trends-something-for-everyone/	301
/landing/san-diego-home-remodeling-trends-2018/	/2018-home-remodeling-trends/	301
/wordpress/2013/09/3-reasons-you-need-a-smart-kitchen/	/3-reasons-you-need-a-smart-kitchen/	301
/wordpress/2013/02/3-steps-to-bbq-season/	/3-steps-to-bbq-season/	301
/wordpress/2013/11/3-ways-to-start-planning-an-eco-friendly-remodel/	/3-ways-to-start-planning-an-eco-friendly-remodel/	301
/services/3D-architectural-rendering.php	/3d-architectural-rendering-services/	301
/services/3d-architectural-rendering/	/3d-architectural-rendering-services/	301
/wordpress/2012/06/four-recent-home-remodeling-trends	/4-home-remodeling-trends-to-watch-for-2019/	301
/wordpress/2012/06/four-recent-home-remodeling-trends/	/4-home-remodeling-trends-to-watch-for-2019/	301
/four-recent-home-remodeling-trends/	/4-home-remodeling-trends-to-watch-for-2019/	301
/wordpress/2012/02/san-diego-remodeling-trends/	/4-home-remodeling-trends-to-watch-for-2019/	301
/san-diego-remodeling-trends/	/4-home-remodeling-trends-to-watch-for-2019/	301
/5-simple-ways-to-improve-your-home*	/5-good-reasons-to-remodel-now/	301
/wordpress/2013/09/5-simple-ways-to-improve-your-home/	/5-good-reasons-to-remodel-now/	301
/wordpress/2012/08/5-great-uses-for-an-extra-room/	/5-great-uses-for-an-extra-room/	301
/wordpress/2013/06/5-interior-design-styles/*	/5-interior-design-styles/	301
/5-Quick-Tips-for-First-Time-HomeBuyers/	/5-quick-tips-for-first-time-home-buyers/	301
/wordpress/2013/09/5-reasons-you-need-a-room-addition/	/5-reasons-you-need-a-room-addition/	301
/wordpress/2013/08/5-reasons-you-need-an-architect-for-home-remodeling-projects/	/5-reasons-you-need-an-architect-for-home-remodeling-projects/	301
/smart-drawers-kitchen-remodeling-san-diego/	/5-smart-kitchen-drawers-that-can-make-your-life-easier/	301
/wordpress/2013/04/5-ways-to-get-your-home-ready-for-summer/	/5-ways-to-get-your-home-ready-for-summer/	301
/6-high-tech-gadgets-for-your-n	/6-high-tech-gadgets-for-your-next-kitchen-remodel/	301
/wordpress/2013/08/6-ways-to-keep-your-sanity-during-a-home-remodel/	/6-ways-to-keep-your-sanity-during-a-home-remodel/	301
/wordpress/2012/09/7-architectural-styles/	/7-architectural-styles/	301
/9-tips-greening-your-home/	/9-tips-for-greening-your-home/	301
/about*	/about-murray-lampert-design-build-remodel	301
/author/mkeilty*	/about-murray-lampert-design-build-remodel#team-members	301
/author/zac-heisey*	/about-murray-lampert-design-build-remodel#team-members	301
/team_member_position*	/about-murray-lampert-design-build-remodel#team-members	301
/team-member/	/about-murray-lampert-design-build-remodel#team-members	301
/team-member/bob-norstrand/	/about-murray-lampert-design-build-remodel#team-members	301
/team-member/hope-wortham/	/about-murray-lampert-design-build-remodel#team-members	301
/team-member/jon-saltz-senior/	/about-murray-lampert-design-build-remodel#team-members	301
/team-member/michael-massa/	/about-murray-lampert-design-build-remodel#team-members	301
/team-member/michaela-keilty/	/about-murray-lampert-design-build-remodel#team-members	301
/team-member/gary-ramona/	/about-murray-lampert-design-build-remodel#team-members	301
/team-member/jake-austad	/about-murray-lampert-design-build-remodel#team-members	301
/team-members*	/about-murray-lampert-design-build-remodel#team-members	301
/wordpress/2009/12/murray-lampert-constructions-staff-architect-frank-piermarini/	/about-murray-lampert-design-build-remodel#team-members	301
/murray-lampert-constructions-staff-architect-frank-piermarini/	/about-murray-lampert-design-build-remodel#team-members	301
/wordpress/2013/10/aging-in-place-10-concepts-of-universal-design/	/aging-in-place-10-concepts-of-universal-design/	301
/wordpress/2011/10/american-housing-guild-san-diego-martin-gleich/	/american-housing-guild-san-diego-martin-gleich/	301
/wordpress/2011/10/american-housing-guild-san-diego-martin-gleich/trackback/	/american-housing-guild-san-diego-martin-gleich/	301
/wordpress/2010/12/another-bbb-torch-award-for-murray-lampert-construction/trackback/	/another-bbb-torch-award-for-murray-lampert-construction/	301
/images/ml.ico	/assets/images/favicon.png	301
/affiliation	/awards-affiliations	301
/home-remodeler-awards*	/awards-affiliations	301
/better-business-bureau-torch-award/	/awards-affiliations	301
/gallery/custom_bathrooms.php	/bathroom-remodel-gallery	301
/battle-of-the-tape*	/battle-of-the-tape-duct-mastic-vs-foil-tape/	301
/infographic-choosing-the-right-tape-for-your-home-improvement-project/	/battle-of-the-tape-duct-mastic-vs-foil-tape/	301
/wordpress/2011/09/bay-park-san-diego-home-design/	/bay-park-san-diego-home-design/	301
/wordpress/2011/09/bay-park-home-remodeling/	/bay-park-san-diego-home-design/	301
/bay-park-home-remodeling/	/bay-park-san-diego-home-design/	301
/before-after-gallery/nggallery/*	/before-after-gallery	301
/gallery/before_after.php	/before-after-gallery	301
/wordpress/2012/03/better-business-bureau-san-diego/	/better-business-bureau-san-diego/	301
/_2	/blog/	301
/%20	/blog/	301
/%22	/blog/	301
/blog//div	/blog/	301
/blog//kcmZR/	/blog/	301
/blogs/	/blog/	301
/div/	/blog/	301
/home-remodeling-blog*	/blog/	301
/home-remodeling-boot-camp*	/blog/	301
/news-and-tips/*	/blog/	301
/san-diego-home-remodeling-blog*	/blog/	301
/author*	/blog/	301
/tips/	/blog/	301
/tips/home_remodeling_tips.php	/blog/	301
/tips/index.html	/blog/	301
/wordpress/	/blog/	301
/wordpress/?p=*	/blog/	301
/wordpress/page*	/blog/	301
/subscribe*	/blog/	301
/category/*	/blog/categories	301
/tag/*	/blog/categories	301
/wordpress/category/architectural-design/page/2/	/blog/categories	301
/wordpress/category/home-safety/	/blog/categories	301
/wordpress/category/kitchen-remodeling/page/4/	/blog/categories	301
/wordpress/category/kitchen-remodeling/page/5/	/blog/categories	301
/wordpress/category/remodeling-san-diego/feed/	/blog/categories	301
/wordpress/category/san-diego-home-remodeling/feed/	/blog/categories	301
/wordpress/tag*	/blog/categories	301
/blog/page/*	/blog/page:splat/	301
/blog/page10/categories/	/blog/page10/	301
/blog/page11/categories/	/blog/page11/	301
/blog/page12/categories/	/blog/page12/	301
/blog/page13/categories/	/blog/page13/	301
/blog/page14/categories/	/blog/page14/	301
/blog/page15/categories/	/blog/page15/	301
/blog/page16/categories/	/blog/page16/	301
/blog/page17/categories/	/blog/page17/	301
/blog/page18/categories/	/blog/page18/	301
/blog/page19/categories/	/blog/page19/	301
/blog/page2/categories/	/blog/page2/	301
/blog/page20/categories/	/blog/page20/	301
/blog/page21/categories/	/blog/page21/	301
/blog/page22/categories/	/blog/page22/	301
/blog/page23/categories/	/blog/page23/	301
/blog/page24/categories/	/blog/page24/	301
/blog/page25/categories/	/blog/page25/	301
/blog/page26/categories/	/blog/page26/	301
/blog/page27/categories/	/blog/page27/	301
/blog/page28/categories/	/blog/page28/	301
/blog/page29/categories/	/blog/page29/	301
/blog/page3/categories/	/blog/page3/	301
/blog/page30/categories/	/blog/page30/	301
/blog/page31/categories/	/blog/page31/	301
/blog/page32/categories/	/blog/page32/	301
/blog/page33/categories/	/blog/page33/	301
/blog/page34/categories/	/blog/page34/	301
/blog/page35/categories/	/blog/page35/	301
/blog/page36/categories/	/blog/page36/	301
/blog/page37/categories/	/blog/page37/	301
/blog/page38/categories/	/blog/page38/	301
/blog/page39/categories/	/blog/page39/	301
/blog/page4/categories/	/blog/page4/	301
/blog/page40/categories/	/blog/page40/	301
/blog/page41/categories/	/blog/page41/	301
/blog/page42/categories/	/blog/page42/	301
/blog/page43/categories/	/blog/page43/	301
/blog/page44/categories/	/blog/page44/	301
/blog/page45/categories/	/blog/page45/	301
/blog/page46/categories/	/blog/page46/	301
/blog/page47/categories/	/blog/page47/	301
/blog/page48/categories/	/blog/page48/	301
/blog/page49/categories/	/blog/page49/	301
/blog/page5/categories/	/blog/page5/	301
/blog/page50/categories/	/blog/page50/	301
/blog/page51/categories/	/blog/page51/	301
/blog/page52/categories/	/blog/page52/	301
/blog/page53/categories/	/blog/page53/	301
/blog/page54/categories/	/blog/page54/	301
/blog/page55/categories/	/blog/page55/	301
/blog/page56/categories/	/blog/page56/	301
/blog/page57/categories/	/blog/page57/	301
/blog/page58/categories/	/blog/page58/	301
/blog/page59/categories/	/blog/page59/	301
/blog/page6/categories/	/blog/page6/	301
/blog/page60/categories/	/blog/page60/	301
/blog/page61/categories/	/blog/page61/	301
/blog/page62/categories/	/blog/page62/	301
/blog/page63/categories/	/blog/page63/	301
/blog/page64/categories/	/blog/page64/	301
/blog/page65/categories/	/blog/page65/	301
/blog/page66/categories/	/blog/page66/	301
/blog/page67/categories/	/blog/page67/	301
/blog/page68/categories/	/blog/page68/	301
/blog/page7/categories/	/blog/page7/	301
/blog/page8/categories/	/blog/page8/	301
/blog/page9/categories/	/blog/page9/	301
/building-ultimate-sustainable-kitchen/	/building-the-ultimate-sustainable-kitchen/	301
/what-you-need-to-know-about-lead-paint-and-asbestos/	/cantors-corner-permits-and-inspections/	301
/epa-lead-free-certification/	/cantors-corner-permits-and-inspections/	301
/home-remodeling-and-lead-paint/	/cantors-corner-permits-and-inspections/	301
/final-check-before-your-hire-a-remodeling-company/	/complete-guide-to-choosing-the-right-home-remodeling-contractor/	301
/final-check-before-hiring-remodeling-company-san-diego/	/complete-guide-to-choosing-the-right-home-remodeling-contractor/	301
/find-the-best-general-contractor-san-diego/*	/complete-guide-to-choosing-the-right-home-remodeling-contractor/	301
/how-to-find-the-best-general-contractor/	/complete-guide-to-choosing-the-right-home-remodeling-contractor/	301
/more-on-choosing-a-remodeling-contractor/	/complete-guide-to-choosing-the-right-home-remodeling-contractor/	301
/for-kitchen-remodeling-hire-a-general-contractor*	/complete-guide-to-choosing-the-right-home-remodeling-contractor/	301
/for-kitchen-remodeling-hire-general-contractor/	/complete-guide-to-choosing-the-right-home-remodeling-contractor/	301
/home-remodeling-advice/	/complete-guide-to-choosing-the-right-home-remodeling-contractor/	301
/home-remodeling-advice-and-contractors-review/	/complete-guide-to-choosing-the-right-home-remodeling-contractor/	301
/before-you-sign-the-contract/	/complete-guide-to-choosing-the-right-home-remodeling-contractor/	301
/before-you-sigh-the-contract-part-2/	/complete-guide-to-choosing-the-right-home-remodeling-contractor/	301
/how-to-choose-a-contractor-for-sucessful-home-remodeling/	/complete-guide-to-choosing-the-right-home-remodeling-contractor/	301
/how-to-choose-a-contractor-for-successful-home-remodeling-part-1/	/complete-guide-to-choosing-the-right-home-remodeling-contractor/	301
/how-to-choose-a-contractor-for-successful-home-remodeling-part-2/	/complete-guide-to-choosing-the-right-home-remodeling-contractor/	301
/what-should-you-expect-in-a-home-remodeling-contractor-part-1/	/complete-guide-to-choosing-the-right-home-remodeling-contractor/	301
/what-you-should-expect-in-a-home-remodeling-contractor-part-2/	/complete-guide-to-choosing-the-right-home-remodeling-contractor/	301
/the-importance-of-hiring-an-insured-contractor/click	/complete-guide-to-choosing-the-right-home-remodeling-contractor/	301
/the-importance-of-hiring-an-insured-contractor/	/complete-guide-to-choosing-the-right-home-remodeling-contractor/	301
/tips/trust_your_contractor.php	/complete-guide-to-choosing-the-right-home-remodeling-contractor/	301
/trust-in-your-home-remodeling-contractor-choice/	/complete-guide-to-choosing-the-right-home-remodeling-contractor/	301
/20-point-checklist-hiring-a-contractor-if-your-house-has-been-damaged-by-a-fire/	/complete-guide-to-choosing-the-right-home-remodeling-contractor/	301
/wordpress/2010/06/for-kitchen-remodeling-hire-a-general-contractor/	/complete-guide-to-choosing-the-right-home-remodeling-contractor/	301
/for-kitchen-remodeling-hire-a-general-contractor/	/complete-guide-to-choosing-the-right-home-remodeling-contractor/	301
/wordpress/2010/06/home-remodeling-nightmares-are-avoidable/*	/complete-guide-to-choosing-the-right-home-remodeling-contractor/	301
/home-remodeling-nightmares-are-avoidable/*	/complete-guide-to-choosing-the-right-home-remodeling-contractor/	301
/how-to-avoid-remodeling-nightmares/	/complete-guide-to-choosing-the-right-home-remodeling-contractor/	301
/wordpress/2010/08/the-abcs-of-home-remodeling/	/complete-guide-to-choosing-the-right-home-remodeling-contractor/	301
/the-abcs-of-home-remodeling/	/complete-guide-to-choosing-the-right-home-remodeling-contractor/	301
/wordpress/2010/09/what-should-you-expect-in-a-home-remodeling-contractor-part-1/	/complete-guide-to-choosing-the-right-home-remodeling-contractor/	301
/wordpress/2010/09/what-you-should-expect-in-a-home-remodeling-contractor-part-3/feed/	/complete-guide-to-choosing-the-right-home-remodeling-contractor/	301
/wordpress/2010/09/what-you-should-expect-in-a-home-remodeling-contractor-part-3/trackback/	/complete-guide-to-choosing-the-right-home-remodeling-contractor/	301
/what-you-should-expect-in-a-home-remodeling-contractor-part-3/	/complete-guide-to-choosing-the-right-home-remodeling-contractor/	301
/wordpress/2010/11/8-home-renovation-scams-to-avoid/	/complete-guide-to-choosing-the-right-home-remodeling-contractor/	301
/8-home-renovation-scams-to-avoid/	/complete-guide-to-choosing-the-right-home-remodeling-contractor/	301
/wordpress/2011/02/san-diego-home-remodeler-screening-guide/	/complete-guide-to-choosing-the-right-home-remodeling-contractor/	301
/wordpress/2011/02/san-diego-home-remodeler-screening-guide/trackback/	/complete-guide-to-choosing-the-right-home-remodeling-contractor/	301
/san-diego-home-remodeler-screening-guide/	/complete-guide-to-choosing-the-right-home-remodeling-contractor/	301
/wordpress/2011/02/what-to-look-for-in-a-san-diego-home-remodeling-company*	/complete-guide-to-choosing-the-right-home-remodeling-contractor/	301
/what-to-look-for-in-a-san-diego-home-remodeling-company/	/complete-guide-to-choosing-the-right-home-remodeling-contractor/	301
/wordpress/2011/10/choosing-a-home-remodeler/	/complete-guide-to-choosing-the-right-home-remodeling-contractor/	301
/choosing-a-home-remodeler/	/complete-guide-to-choosing-the-right-home-remodeling-contractor/	301
/choosing-a-remodeling-contractor/	/complete-guide-to-choosing-the-right-home-remodeling-contractor/	301
/wordpress/2012/06/choosing-a-company-renovation/	/complete-guide-to-choosing-the-right-home-remodeling-contractor/	301
/choosing-a-company-renovation/	/complete-guide-to-choosing-the-right-home-remodeling-contractor/	301
/wordpress/2013/02/the-importance-of-hiring-an-insured-contractor/	/complete-guide-to-choosing-the-right-home-remodeling-contractor/	301
/the-importance-of-hiring-an-insured-contractor/	/complete-guide-to-choosing-the-right-home-remodeling-contractor/	301
/wordpress/2013/06/home-improvement-contract-requirements/	/complete-guide-to-choosing-the-right-home-remodeling-contractor/	301
/home-improvement-contract-requirements/	/complete-guide-to-choosing-the-right-home-remodeling-contractor/	301
/home-remodeling-2010/	/complete-guide-to-choosing-the-right-home-remodeling-contractor/	301
/the-5-most-important-considerations-when-you-remodel/	/complete-guide-to-choosing-the-right-home-remodeling-contractor/	301
/the-4-most-important-considerations-when-you-remodel-part-1/	/complete-guide-to-choosing-the-right-home-remodeling-contractor/	301
/4-important-considerations-when-you-remodel-part-2/	/complete-guide-to-choosing-the-right-home-remodeling-contractor/	301
/4-important-considerations-when-you-remodel-part-3/	/complete-guide-to-choosing-the-right-home-remodeling-contractor/	301
/4-important-considerations-when-you-remodel-part-5/	/complete-guide-to-choosing-the-right-home-remodeling-contractor/	301
/the-top-10-home-remodeler-red-flags/	/complete-guide-to-choosing-the-right-home-remodeling-contractor/	301
/better-business-bureau-ethics-integrity/	/complete-guide-to-choosing-the-right-home-remodeling-contractor/	301
/contact-us/	/contact/	301
/Contact+Murray+Lampert+Design+Build+Remodel*	/contact/	301
/estimate*	/contact/	301
/get-a-quote/	/contact/	301
/quote/	/contact/	301
/wordpress/2012/06/create-a-timeless-kitchen/	/create-a-timeless-kitchen/	301
/wordpress/2012/09/custom-home-improvement-features/	/custom-home-improvement-features/	301
/decorating-ideas-small-spaces/	/decorating-ideas-for-small-spaces/	301
/murray-lampert-services	/design-build-services-san-diego	301
/services	/design-build-services-san-diego	301
/services/san	/design-build-services-san-diego	301
/services/san-diego	/design-build-services-san-diego	301
/wordpress/2012/05/design-remodeling-big-50-winner/	/design-remodeling-big-50-winner/	301
/wordpress/2010/11/designers-for-san-diego-home-remodeling-and-home-construction/trackback/	/designers-for-san-diego-home-remodeling-and-home-construction/	301
/wordpress/2012/07/do-you-need-a-second-story/	/do-you-need-a-second-story/	301
/wordpress/2012/09/earthquake-preparedness-at-home/	/earthquake-preparedness-at-home/	301
/wordpress/2010/04/windows-for-your-home-not-your-pc-aluminum-frame/	/efficiency-sound-insulation-curb-appeal-with-new-windows/	301
/windows-for-your-home-not-your-pc-aluminum-frame/	/efficiency-sound-insulation-curb-appeal-with-new-windows/	301
/windows-for-your-home-not-your-pc/	/efficiency-sound-insulation-curb-appeal-with-new-windows/	301
/windows-for-your-home-not-your-pc-glass-types/	/efficiency-sound-insulation-curb-appeal-with-new-windows/	301
/wordpress/2010/10/understanding-energy-efficient-windows/	/efficiency-sound-insulation-curb-appeal-with-new-windows/	301
/understanding-energy-efficient-windows/	/efficiency-sound-insulation-curb-appeal-with-new-windows/	301
/wordpress/2011/05/energy-efficient-san-diego-homes/	/energy-efficient-san-diego-homes/	301
/wordpress/2010/05/epa-lead-free-certification/	/epa-lead-free-certification/	301
/european-vs-traditional-face-frame-cabinets-for-your-kitchen/*	/european-vs-traditional-face-frame-cabinets-for-your-kitchen/	301
/wordpress/2010/07/european-vs-traditional-face-frame-cabinets-for-your-kitchen/*	/european-vs-traditional-face-frame-cabinets-for-your-kitchen/	301
/fall-home-checklist*	/fall-home-maintenance-checklist/	301
/tips/home_remodeling_tips	/faqs/	301
/tips/remodeling_faqs.php	/faqs/	301
/feed*	/feed.xml	301
/wordpress/2011/01/getting-the-right-permits/trackback/	/getting-the-right-permits/	301
/wordpress/2011/02/good-news-for-the-home-remodeling-industry	/good-news-for-the-home-remodeling-industry/	301
/wordpress/2011/02/good-news-for-the-home-remodeling-industry/feed/	/good-news-for-the-home-remodeling-industry/feed/	301
/wordpress/2013/02/green-home-improvements-a-beginners-guide/	/green-home-improvements-a-beginners-guide/	301
/green-building/	/green-home-improvements-a-beginners-guide/	301
/wordpress/2013/01/home-and-architecture-trends-for-2013/	/home-and-architecture-trends-for-2013/	301
/wordpress/2012/07/home-office-modernization/	/home-office-modernization/	301
/home-office-checklist-home-additions-la-jolla-project-for-telecommuters/	/home-office-pre-construction-checklist-home-additions-la-jolla-project-for-telecommuters/	301
/wordpress/2010/09/home-remodeler-awards/trackback/	/home-remodeler-awards/	301
/wordpress/2009/08/home-remodeling-boot-camp/comment-page-1/	/home-remodeling-boot-camp/comment-page-1/	301
/wordpress/2010/08/home-remodeling-definitions-part-1/comment-page-1/	/home-remodeling-definitions-part-1/	301
/home-remodeling-definitions-part-1/	/home-remodeling-definitions/	301
/wordpress/2011/09/home-remodeling-in-ocean-beach-san-diego/trackback/	/home-remodeling-in-ocean-beach-san-diego/	301
/home-remodeling-on-budget/	/how-much-will-my-home-remodeling-project-cost/	301
/wordpress/2013/07/how-much-will-my-home-remodeling-project-cost/	/how-much-will-my-home-remodeling-project-cost/	301
/how-to-make-a-small-room-look-bigger*	/how-to-make-small-room-look-bigger/	301
/wordpress/2013/04/ideas-for-filling-out-empty-rooms-in-your-expanded-home/	/ideas-for-filling-out-empty-rooms-in-your-expanded-home/	301
/til-the-well-runs-dry-how-xeriscaping-helps-conserve-water-infographic/	/infographic-til-the-well-runs-dry-how-xeriscaping-helps-conserve-water/	301
/preliminary-design-phase/	/infographic-visual-guide-to-the-design-build-process/	301
/whats-in-a-plan/	/infographic-visual-guide-to-the-design-build-process/	301
/wordpress/2012/04/interview-on-san-diego-living/	/interview-on-san-diego-living/	301
/cabinet-lighting-kitchen-remodeling-cardiff/	/kitchen-cabinet-lights-for-kitchen-remodeling-cardiff/	301
/wordpress/2013/05/kitchen-design-trends/	/kitchen-design-trends/	301
/kitchen-island-trends	/kitchen-island-trends-making-a-splash-in-2018/	301
/kitchen-remodeling-carmel-mountain	/kitchen-remodel-carmel-mountain	301
/gallery/custom_kitchens.php	/kitchen-remodel-gallery	301
/kitchen-remodel-gallery/nggallery/*	/kitchen-remodel-gallery	301
/wordpress/2012/09/kitchen-remodeling-dos-and-donts/	/kitchen-remodeling-dos-and-donts/	301
/wordpress/2012/08/latest-outdoor-kitchen-gadgets/	/latest-outdoor-kitchen-gadgets/	301
/major-renovations-2/	/major-renovations-gallery/	301
/renovations	/major-renovations/	301
/services/major-renovations/	/major-renovations/	301
/wordpress/2013/02/make-it-happen-a-practical-guide-to-turning-your-remodeling-dream-into-reality/	/make-it-happen-a-practical-guide-to-turning-your-remodeling-dream-into-reality/	301
/client-login/	/murray-lampert-client-login	301
/feed/hotwater.com/naeca	/new-water-heater-regulations-infographic/	301
/new-water-heater-regulations-infographic/hotwater.com/naeca	/new-water-heater-regulations-infographic/	301
/wordpress/2011/01/overview-of-san-diego-building-permits/trackback/	/overview-of-san-diego-building-permits/	301
/pet-friendly-home-remodeling-escondido/	/pet-friendly-home-remodeling/	301
/cantors-corner-accommodating-pets-during-home-remodeling/	/pet-friendly-home-remodeling/	301
/respecting-homes-families-pets/	/pet-friendly-home-remodeling/	301
/pet-adoption-san-diego-mega-event/	/pet-friendly-home-remodeling/	301
/wordpress/2011/04/point-loma-california/	/point-loma-california/	301
/wordpress/2011/04/point-loma-california/comment-page-1/	/point-loma-california/comment-page-1/	301
/5-questions-to-ask-yourself-before-undergoing-a-home-remodel/	/preparing-for-home-remodel/	301
/5-common-home-remodeling-mistakes/	/preparing-for-home-remodel/	301
/6-ways-to-keep-your-sanity-during-a-home-remodel/	/preparing-for-home-remodel/	301
/6-ways-to-stay-safe-during-your-home-diy-projects/	/preparing-for-home-remodel/	301
/cantors-corner-home-remodeling-lead-safety-tips/	/preparing-for-home-remodel/	301
/cleaning-up-after-a-home-renovation/	/preparing-for-home-remodel/	301
/wordpress/2011/07/rancho-bernardo-home-remodeling*	/rancho-bernardo-home-remodeling/	301
/wordpress/2012/09/recycling-when-you-remodel/	/recycling-when-you-remodel/	301
/room-addition-carmel-valley/	/room-additions-carmel-valley/	301
/room-addition-coronado/	/room-additions-coronado/	301
/room-addition-del-mar/	/room-additions-del-mar/	301
/room-addition-escondido	/room-additions-escondido	301
/gallery/room_additions.php	/room-additions-gallery	301
/room-addition-la-jolla/	/room-additions-la-jolla/	301
/room-addition-pacific-beach/	/room-additions-pacific-beach/	301
/room-addition-point-loma/	/room-additions-point-loma/	301
/room-addition-poway/	/room-additions-poway/	301
/room-addition-rancho-bernardo/	/room-additions-rancho-bernardo/	301
/room-addition-santee/	/room-additions-santee/	301
/room-addition-scripps-ranch/	/room-additions-scripps-ranch/	301
/room-addition-solana-beach/	/room-additions-solana-beach/	301
/salvage-yards-kitchen-remodel-escondido	/salvage-yards-for-your-christmas-kitchen-remodel-in-escondido/	301
/wordpress/2012/04/san-diego-6-interview-murray-lampert/	/san-diego-6-interview-murray-lampert/	301
/wordpress/2012/04/san-diego-6-interview-on-4-11/	/san-diego-6-interview-on-4-11/	301
/services/san-diego-architectural-design/	/san-diego-architectural-design-services/	301
/services/san-diego-design-build	/san-diego-architectural-design-services/	301
/asid/	/san-diego-asid-professionals/	301
/interior-design-by-asid-accredited-professionals/	/san-diego-asid-professionals/	301
/Bathroom	/san-diego-bathroom-remodeling-services/	301
/services/san-diego-bathroom-remodeling-services.php	/san-diego-bathroom-remodeling-services/	301
/services/san-diego-bathroom-remodeling/	/san-diego-bathroom-remodeling-services/	301
/services/san-diego-custom-cabinet-construction.php	/san-diego-custom-cabinet-construction-services/	301
/services/san-diego-custom-cabinet-construction/	/san-diego-custom-cabinet-construction-services/	301
/contractors	/san-diego-design-build-contractors	301
/home-build/	/san-diego-design-build-contractors	301
/san-diego-design-build-home-remodeling/	/san-diego-design-build-contractors	301
/the-three-little-pigs-remodel/	/san-diego-design-build-contractors	301
/wordpress/2011/06/san-diego-design-build-home-remodeling/*	/san-diego-design-build-contractors	301
/wordpress/2011/07/san-diego-designbuild-remodeling*	/san-diego-design-build-contractors	301
/san-diego-designbuild-remodeling/	/san-diego-design-build-contractors	301
/design-build/	/san-diego-design-build-contractors/	301
/san-diego-design-build-remodel/	/san-diego-design-build-contractors/	301
/san-diego-design-remodeling-firms/	/san-diego-design-build-contractors/	301
/services/san-diego-custom-home-builders.php	/san-diego-design-build-contractors/	301
/services/san-diego-design-build-contractors.php	/san-diego-design-build-contractors/	301
/services/san-diego-design-build-contractors/	/san-diego-design-build-contractors/	301
/services/san-diego-design/	/san-diego-design-build-contractors/	301
/wordpress/2011/07/san-diego-designbuild-remodeling/trackback/	/san-diego-designbuild-remodeling/	301
/services/san-diego-green-home-construction.php	/san-diego-green-home-construction/	301
/services/san-diego-green-home-construction/	/san-diego-green-home-construction/	301
/san-diego-home-design-serivces/	/san-diego-home-design-services/	301
/san-diego-home-design/	/san-diego-home-design-services/	301
/services/san-diego-custom-home-design-services.php	/san-diego-home-design-services/	301
/services/san-diego-home-design/	/san-diego-home-design-services/	301
/Home-Remodel	/san-diego-home-remodel-services	301
/home-remodeling-services/	/san-diego-home-remodel-services	301
/remodel/	/san-diego-home-remodel-services	301
/san-diego-home-remodeling-services/	/san-diego-home-remodel-services	301
/san-diego-remodel-services	/san-diego-home-remodel-services	301
/services/san-diego-home-remodeling-services.php	/san-diego-home-remodel-services	301
/services/san-diego-home-remodeling-services/	/san-diego-home-remodel-services	301
/services/san-diego-home-remodeling/	/san-diego-home-remodel-services	301
/home-spa-general-contractor-san-diego-ca*	/san-diego-home-remodel-services	301
/home-remodeling-2010/	/san-diego-home-remodel-services	301
/space-and-function/	/san-diego-home-remodel-services	301
/san-diego-kitchen-bath-remodeling/	/san-diego-kitchen-remodeling-services	301
/san-diego-kitchen-remodeling/	/san-diego-kitchen-remodeling-services	301
/wordpress/2011/03/san-diego-kitchen-bath-remodeling/	/san-diego-kitchen-remodeling-services	301
/wordpress/2011/03/san-diego-kitchen-bath-remodeling/trackback/	/san-diego-kitchen-remodeling-services	301
/kitchen-remodel	/san-diego-kitchen-remodeling-services/	301
/kitchen-remodels-2/	/san-diego-kitchen-remodeling-services/	301
/services/san-diego-kitchen-remodeling-services.php	/san-diego-kitchen-remodeling-services/	301
/services/san-diego-kitchen-remodeling/	/san-diego-kitchen-remodeling-services/	301
/services/san-diego-outdoor-kitchen-remodeling.php	/san-diego-kitchen-remodeling-services/	301
/services/san-diego-outdoor-living	/san-diego-outdoor-living-space-design/	301
/services/san-diego-outdoor-living-space-design.php	/san-diego-outdoor-living-space-design/	301
/services/san-diego-outdoor-living-space-design/	/san-diego-outdoor-living-space-design/	301
/?post_type=page&p=*	/san-diego-remodel-project-gallery	301
/gallery/	/san-diego-remodel-project-gallery	301
/gallery/index.html	/san-diego-remodel-project-gallery	301
/gallery/home_remodel_gallery.php	/san-diego-remodel-project-gallery	301
/gallery/home_remodeling.php	/san-diego-remodel-project-gallery	301
/gallery/live_home_remodel.php	/san-diego-remodel-project-gallery	301
/gallery/outdoor-spaces.php	/san-diego-remodel-project-gallery	301
/uploads/2011/10/AHG1.jpg	/san-diego-remodel-project-gallery	301
/live-remodeling-by-murray-lampert-construction/	/san-diego-remodel-project-gallery	301
/faqs/h/san-diego-room-additions/	/san-diego-room-additions/	301
/services/san-diego-room	/san-diego-room-additions/	301
/services/san-diego-room-additions.php	/san-diego-room-additions/	301
/services/san-diego-room-additions/	/san-diego-room-additions/	301
/second-story-additions/	/san-diego-second-story-addition	301
/services/san-diego-second-story-addition.php	/san-diego-second-story-addition/	301
/services/san-diego-second-story-addition/	/san-diego-second-story-addition/	301
/residential-rebates-2016-remodeling-company-san-diego*	/save-money-with-residential-rebates-by-the-end-of-2016/	301
/wordpress/2012/02/second-interview-with-san-diego-6/	/second-interview-with-san-diego-6/	301
/gallery/second_stories.php	/second-stories-gallery	301
/gallery/second-stories/	/second-stories-gallery	301
/wordpress/2010/05/second-story-addition-and-deck/	/second-story-addition-and-deck/	301
/locations.kml	/service-locations/	301
/sandiego	/service-locations/	301
/home-additions-bonita-101-basic-types-and-concrete-design-build-examples/	/service-locations/bonita-design-build-and-remodel-services/	301
/home-additions-bonita-basic-types-and-concrete-examples/	/service-locations/bonita-design-build-and-remodel-services/	301
/carlsbad/	/service-locations/carlsbad-design-build-and-remodel-services	301
/carlsbad-design-build-and-remodel-services	/service-locations/carlsbad-design-build-and-remodel-services/	301
/carmel-valley-home-renovation-projects/	/service-locations/carmel-valley-design-build-and-remodel-services/	301
/wordpress/2011/09/carmel-valley-home-renovation-projects/	/service-locations/carmel-valley-design-build-and-remodel-services/	301
/chula-vista-design-build-remodel/	/service-locations/chula-vista-design-build-and-remodel-services/	301
/chula-vista/	/service-locations/chula-vista-design-build-and-remodel-services/	301
/service-locations/chula-vista-home-design-build-and-remodel-services/	/service-locations/chula-vista-design-build-and-remodel-services/	301
/coronado-home-renovations/	/service-locations/coronado-design-build-and-remodel-services/	301
/wordpress/2011/07/coronado-home-renovations/	/service-locations/coronado-design-build-and-remodel-services/	301
/architectural-home-design-in-del-cerro-ca/	/service-locations/del-cerro-design-build-and-remodel-services/	301
/del-cerro-san-diego/	/service-locations/del-cerro-design-build-and-remodel-services/	301
/del-cerro*	/service-locations/del-cerro-design-build-and-remodel-services/	301
/wordpress/2011/03/del-cerro-san-diego/	/service-locations/del-cerro-design-build-and-remodel-services/	301
/wordpress/2012/02/architectural-home-design-in-del-cerro-ca/	/service-locations/del-cerro-design-build-and-remodel-services/	301
/773/	/service-locations/del-mar-design-build-and-remodel-services/	301
/del-mar-spring-home-decorating-remodeling-show*	/service-locations/del-mar-design-build-and-remodel-services/	301
/service-locations/del-mar-home-design-build-and-remodel-services/	/service-locations/del-mar-design-build-and-remodel-services/	301
/service-locations/del-mar-home-design-build-and-remodel-services/Del%20Mar%20Home%20Design,%20Build,%20and%20Remodel%20Services	/service-locations/del-mar-design-build-and-remodel-services/	301
/wordpress/2011/11/del-mar-home-remodeling-and-renovation/	/service-locations/del-mar-design-build-and-remodel-services/	301
/del-mar-home-remodeling-and-renovation/	/service-locations/del-mar-design-build-and-remodel-services/	301
/el-cajon-design-build-and-remodel-services/	/service-locations/el-cajon-design-build-and-remodel-services/	301
/el-cajon/	/service-locations/el-cajon-design-build-and-remodel-services/	301
/encinitas-home-design-remodeling/	/service-locations/encinitas-design-build-and-remodel-services/	301
/wordpress/2011/11/encinitas-home-design-remodeling/	/service-locations/encinitas-design-build-and-remodel-services/	301
/la-jolla-architecture/	/service-locations/la-jolla-design-build-and-remodel-services/	301
/la-jolla-home-remodeling-projects-to-plan-this-spring/	/service-locations/la-jolla-design-build-and-remodel-services/	301
/la-jolla-home-renovations/	/service-locations/la-jolla-design-build-and-remodel-services/	301
/wordpress/2011/06/la-jolla-home-renovations/	/service-locations/la-jolla-design-build-and-remodel-services/	301
/home-remodeling-in-la-mesa-ca/	/service-locations/la-mesa-design-build-and-remodel-services/	301
home-remodeling-in-la-mesa-ca/	/service-locations/la-mesa-design-build-and-remodel-services/	301
/service-locations/la-mesa-home-design-build-and-remodel-services/	/service-locations/la-mesa-design-build-and-remodel-services/	301
/home-remodeling-in-mission-hills-san-diego/	/service-locations/mission-hills-design-build-and-remodel-services/	301
/wordpress/2011/05/home-remodeling-in-mission-hills-san-diego/	/service-locations/mission-hills-design-build-and-remodel-services/	301
/wordpress/2011/03/pacific-beach-san-diego/	/service-locations/pacific-beach-design-build-and-remodel-services/	301
/pacific-beach-san-diego/	/service-locations/pacific-beach-design-build-and-remodel-services/	301
/wordpress/2012/02/pacific-beach-architectural-home-design/	/service-locations/pacific-beach-design-build-and-remodel-services/	301
/pacific-beach-architectural-home-design/	/service-locations/pacific-beach-design-build-and-remodel-services/	301
/wordpress/2012/02/poway-architecture/	/service-locations/poway-design-build-and-remodel-services/	301
/home-additions-poway-101-you-will-get-direct-benefits-if-you-ensure-your-contractor-gets-these-covered/	/service-locations/poway-design-build-and-remodel-services/	301
/home-additions-poway-get-direct-benefits-gets-these-covered/	/service-locations/poway-design-build-and-remodel-services/	301
/poway-architecture/	/service-locations/poway-design-build-and-remodel-services/	301
/poway-california/	/service-locations/poway-design-build-and-remodel-services/	301
/poway-home-design-build-and-remodel-services/	/service-locations/poway-design-build-and-remodel-services/	301
/wordpress/2011/05/poway-california/	/service-locations/poway-design-build-and-remodel-services/	301
/service-locations/santee-home-design-build-and-remodel-services/	/service-locations/santee-design-build-and-remodel-services/	301
/scripps-ranch-ca-home-renovations/	/service-locations/scripps-ranch-design-build-and-remodel-services	301
/wordpress/2011/05/scripps-ranch-ca-home-renovations/	/service-locations/scripps-ranch-design-build-and-remodel-services	301
/page.xml	/sitemap.xml	301
/site.xml	/sitemap.xml	301
/sitemap.xml.gz	/sitemap.xml	301
/tools/site_map.php	/sitemap/	301
/take-a-glance-through-2016-mos	/take-a-glance-through-2016-most-popular-bathroom-remodeling-designs/	301
/author/greggc*	/team-member/gregg-cantor/	301
/author/keving/	/team-member/gregg-cantor/	301
/dvteam/gregg-cantor/	/team-member/gregg-cantor/	301
/wordpress/author/admin/page/3/	/team-member/gregg-cantor/	301
/dvteamtaxonomy/meet-the-owners/	/team-members/	301
/team/meet-the-owners/	/team-members/	301
/customer-satisfaction-the-key-to-a-sucessful-company/	/testimonials	301
/testimonials/index.html	/testimonials/	301
/testimonials/murray_lampert_testimonials.php	/testimonials/	301
/thank-you-2/	/thank-you/	301
/thank-you-3/	/thank-you/	301
/wordpress/2013/06/the-economics-of-solar-energy/	/the-economics-of-solar-energy/	301
/low-bidders-a-bad-idea-for-san-diego-home-remodeling-part-2/	/the-lowest-bid-always-looks-good-but/	301
/low-bidders-a-bad-idea-for-your-home-remodeling-part-1/	/the-lowest-bid-always-looks-good-but/	301
/the-lowest-bid-always-looks-good-bu/	/the-lowest-bid-always-looks-good-but/	301
/the-change-order/	/the-meaning-of-change-orders-in-home-remodeling/	301
/wordpress/2012/04/fine-italian-crafted-granite-slab-kitchen-counters/	/the-most-popular-materials-for-kitchen-countertops/	301
/fine-italian-crafted-granite-slab-kitchen-counters/	/the-most-popular-materials-for-kitchen-countertops/	301
/kitchen-counter-top-choices-part-1/	/the-most-popular-materials-for-kitchen-countertops/	301
/kitchen-countertops-part-2-granite/	/the-most-popular-materials-for-kitchen-countertops/	301
/kitchen-counter-tops-engineered-stone-part-3/	/the-most-popular-materials-for-kitchen-countertops/	301
/kitchen-counters-solid-surface-part-4/	/the-most-popular-materials-for-kitchen-countertops/	301
/kitchen-counters-laminant-part-5/	/the-most-popular-materials-for-kitchen-countertops/	301
/kitchen-counters-butcher-block-part-6/	/the-most-popular-materials-for-kitchen-countertops/	301
/kitchen-counters-stainless-steel-part-7/	/the-most-popular-materials-for-kitchen-countertops/	301
/kitchen-counters-soapstone-part-8/	/the-most-popular-materials-for-kitchen-countertops/	301
/kitchen-countertops-marble-part-9/	/the-most-popular-materials-for-kitchen-countertops/	301
/kitchen-countertops-concrete-part-10/	/the-most-popular-materials-for-kitchen-countertops/	301
/the-pros-guide-to-deck-restora	/the-pros-guide-to-deck-restoration/	301
/kitchen-cabinet-trends*	/the-top-five-kitchen-cabinet-trends-that-will-rule-2017/	301
/home-remodel-san-diego-tearing-walls-down	/things-to-know-before-tearing-walls-down-in-your-home/	301
/wordpress/2010/12/timely-san-diego-home-remodeling/	/timely-san-diego-home-remodeling/	301
/wordpress/2010/10/tips-on-saving-energy-during-the-winter-in-san-diego/	/tips-to-winterize-your-home/	301
/tips-on-saving-energy-during-the-winter-in-san-diego/	/tips-to-winterize-your-home/	301
‎/home%20additions/2017/10/18/second-story-addition.html‎	/top-tips-for-your-second-story-addition/	301
/wp-content/uploads/*	/uploads/:splat	301
/wp-content/gallery/*	/uploads/gallery/:splat	301
/uploads/ML-Dang-Tran-Kitchen-blob.jpg	/uploads/gallery/kitchens/dang-tran-kitchen2a.jpg	301
/contract-allowances/	/what-are-home-improvement-contract-allowances/	301
/wordpress/2011/05/adding-value-to-san-diego-homes-with-home-remodeling/comment-page-1/	/what-are-the-best-improvements-to-increase-home-value/	301
/wordpress/2011/05/adding-value-to-san-diego-homes-with-home-remodeling/trackback/	/what-are-the-best-improvements-to-increase-home-value/	301
/adding-value-to-san-diego-homes-with-home-remodeling/comment-page-1/	/what-are-the-best-improvements-to-increase-home-value/	301
/adding-value-to-san-diego-homes-with-home-remodeling/	/what-are-the-best-improvements-to-increase-home-value/	301
/best-improvements-increase-home-value	/what-are-the-best-improvements-to-increase-home-value/	301
/the-value-of-home-remodeling-info	/what-are-the-best-improvements-to-increase-home-value/	301
/what-home-improvements-are-tax-deductible*	/which-home-improvements-are-tax-deductible/	301
